{
  "dataset": "fraudTrain.csv",
  "generated_at": "2026-04-09T19:35:24.237059",
  "comparison_train_sample_size": 30000,
  "comparison_test_sample_size": 10000,
  "selected_model": "XGBoost",
  "selection_reason": "XGBoost was selected because it gave the best overall balance of ROC-AUC (0.9956), recall (0.8793), and F1-score (0.8644) on the fraud detection dataset. Fraud detection gives high importance to recall because missing a fraudulent transaction is usually more costly than incorrectly flagging a normal transaction.",
  "results": [
    {
      "model": "XGBoost",
      "accuracy": 0.9984,
      "precision": 0.85,
      "recall": 0.8793,
      "f1_score": 0.8644,
      "roc_auc": 0.9956,
      "report": {
        "0": {
          "precision": 0.9992957746478873,
          "recall": 0.9990947495473748,
          "f1-score": 0.9991952519867217,
          "support": 9942.0
        },
        "1": {
          "precision": 0.85,
          "recall": 0.8793103448275862,
          "f1-score": 0.864406779661017,
          "support": 58.0
        },
        "accuracy": 0.9984,
        "macro avg": {
          "precision": 0.9246478873239437,
          "recall": 0.9392025471874805,
          "f1-score": 0.9318010158238693,
          "support": 10000.0
        },
        "weighted avg": {
          "precision": 0.9984298591549295,
          "recall": 0.9984,
          "f1-score": 0.9984134788472325,
          "support": 10000.0
        }
      }
    },
    {
      "model": "Random Forest",
      "accuracy": 0.986,
      "precision": 0.2697,
      "recall": 0.8276,
      "f1_score": 0.4068,
      "roc_auc": 0.9783,
      "report": {
        "0": {
          "precision": 0.9989818774180411,
          "recall": 0.9869241601287467,
          "f1-score": 0.992916413681441,
          "support": 9942.0
        },
        "1": {
          "precision": 0.2696629213483146,
          "recall": 0.8275862068965517,
          "f1-score": 0.4067796610169492,
          "support": 58.0
        },
        "accuracy": 0.986,
        "macro avg": {
          "precision": 0.6343223993831779,
          "recall": 0.9072551835126492,
          "f1-score": 0.6998480373491951,
          "support": 10000.0
        },
        "weighted avg": {
          "precision": 0.9947518274728367,
          "recall": 0.986,
          "f1-score": 0.9895168205159871,
          "support": 10000.0
        }
      }
    },
    {
      "model": "Logistic Regression",
      "accuracy": 0.9608,
      "precision": 0.0887,
      "recall": 0.6207,
      "f1_score": 0.1552,
      "roc_auc": 0.922,
      "report": {
        "0": {
          "precision": 0.9977069001459246,
          "recall": 0.9627841480587407,
          "f1-score": 0.9799344799344799,
          "support": 9942.0
        },
        "1": {
          "precision": 0.08866995073891626,
          "recall": 0.6206896551724138,
          "f1-score": 0.15517241379310345,
          "support": 58.0
        },
        "accuracy": 0.9608,
        "macro avg": {
          "precision": 0.5431884254424204,
          "recall": 0.7917369016155773,
          "f1-score": 0.5675534468637917,
          "support": 10000.0
        },
        "weighted avg": {
          "precision": 0.9924344858393639,
          "recall": 0.9608,
          "f1-score": 0.9751508599508599,
          "support": 10000.0
        }
      }
    },
    {
      "model": "K Means Clustering",
      "accuracy": 0.9942,
      "precision": 0.0,
      "recall": 0.0,
      "f1_score": 0.0,
      "roc_auc": 0.8502,
      "report": {
        "0": {
          "precision": 0.9942,
          "recall": 1.0,
          "f1-score": 0.9970915655400662,
          "support": 9942.0
        },
        "1": {
          "precision": 0.0,
          "recall": 0.0,
          "f1-score": 0.0,
          "support": 58.0
        },
        "accuracy": 0.9942,
        "macro avg": {
          "precision": 0.4971,
          "recall": 0.5,
          "f1-score": 0.4985457827700331,
          "support": 10000.0
        },
        "weighted avg": {
          "precision": 0.98843364,
          "recall": 0.9942,
          "f1-score": 0.9913084344599338,
          "support": 10000.0
        }
      }
    },
    {
      "model": "K Nearest Neighbour",
      "accuracy": 0.9962,
      "precision": 0.8846,
      "recall": 0.3966,
      "f1_score": 0.5476,
      "roc_auc": 0.7902,
      "report": {
        "0": {
          "precision": 0.9964908762783237,
          "recall": 0.9996982498491249,
          "f1-score": 0.9980919863426391,
          "support": 9942.0
        },
        "1": {
          "precision": 0.8846153846153846,
          "recall": 0.39655172413793105,
          "f1-score": 0.5476190476190477,
          "support": 58.0
        },
        "accuracy": 0.9962,
        "macro avg": {
          "precision": 0.9405531304468542,
          "recall": 0.698124986993528,
          "f1-score": 0.7728555169808433,
          "support": 10000.0
        },
        "weighted avg": {
          "precision": 0.9958419984266785,
          "recall": 0.9962,
          "f1-score": 0.9954792432980423,
          "support": 10000.0
        }
      }
    },
    {
      "model": "Support Vector Machine",
      "accuracy": 0.991,
      "precision": 0.0,
      "recall": 0.0,
      "f1_score": 0.0,
      "roc_auc": 0.6788,
      "report": {
        "0": {
          "precision": 0.9929859719438878,
          "recall": 0.9979859013091642,
          "f1-score": 0.9954796584630838,
          "support": 993.0
        },
        "1": {
          "precision": 0.0,
          "recall": 0.0,
          "f1-score": 0.0,
          "support": 7.0
        },
        "accuracy": 0.991,
        "macro avg": {
          "precision": 0.4964929859719439,
          "recall": 0.4989929506545821,
          "f1-score": 0.4977398292315419,
          "support": 1000.0
        },
        "weighted avg": {
          "precision": 0.9860350701402806,
          "recall": 0.991,
          "f1-score": 0.9885113008538423,
          "support": 1000.0
        }
      }
    }
  ]
}