{
  "dataset": "fraudTrain.csv",
  "trained_at": "2026-04-09T19:36:23.023997",
  "accuracy": 0.9906,
  "roc_auc": 0.9989,
  "report": {
    "0": {
      "precision": 0.9998356106477332,
      "recall": 0.9907498623145125,
      "f1-score": 0.9952720011688502,
      "support": 257834.0
    },
    "1": {
      "precision": 0.3795525494276795,
      "recall": 0.972018654230513,
      "f1-score": 0.5459307764265668,
      "support": 1501.0
    },
    "accuracy": 0.9906414483197409,
    "macro avg": {
      "precision": 0.6896940800377064,
      "recall": 0.9813842582725127,
      "f1-score": 0.7706013887977086,
      "support": 259335.0
    },
    "weighted avg": {
      "precision": 0.9962454863880255,
      "recall": 0.9906414483197409,
      "f1-score": 0.9926712678380688,
      "support": 259335.0
    }
  }
}